{"cameraMode":{"drawMode":0,"name":"Shaded","section":"Shading Mode"},"sceneLighting":true,"audioPlay":false,"sceneViewState":{"showFog":true,"showMaterialUpdate":false,"showSkybox":true,"showFlares":true,"showImageEffects":true,"showParticleSystems":true},"in2DMode":false,"pivot":{"x":-0.05477753281593323,"y":2.054776191711426,"z":-0.36054834723472597},"rotation":{"x":-0.02997984178364277,"y":-0.9652493596076965,"z":-0.12815825641155244,"w":0.22579915821552277},"size":17.15641212463379,"orthographic":true}