{"cameraMode":{"drawMode":0,"name":"Shaded","section":"Shading Mode"},"sceneLighting":true,"audioPlay":false,"sceneViewState":{"showFog":true,"showMaterialUpdate":false,"showSkybox":true,"showFlares":true,"showImageEffects":true,"showParticleSystems":true},"in2DMode":false,"pivot":{"x":4.130555152893066,"y":-4.558259963989258,"z":7.448406219482422},"rotation":{"x":-0.056260909885168079,"y":-0.725954532623291,"z":0.05980381369590759,"w":-0.6828466653823853},"size":4.422319412231445,"orthographic":true}